108018461806	NhacCuaTui.com	6369079
322004096814	Samsung Mobile Vietnam	3351694
210695369058001	Foody.vn	2536664
300829936671250	Chợ Tốt	2211699
232917180138659	Lazada	2177535
1477784285766342	Vietjet	1946146
249630331750816	Zanado.Com - Cộng đồng	1779206
150707875011322	YaMe Shop	1700106
184385571600224	adidas	1661469
684491471670573	Coca-Cola	1608065
332042093538446	FPT Shop (Fptshop.com.vn)	1579753
214557388625397	Android Việt Nam	1507363
158725017192	Mobiistar	1414470
104569802908608	KFC	1409057
169171922768	Tiki.vn	1406340
316092498518836	365ok.vn	1402965
532327666853339	Nối Tóc Thảo Tây	1366739
320083177682	California Fitness & Yoga Centers Vietnam	1333652
422989394439237	Viettel Telecom	1305699
132578406895217	OPPO Vietnam	1272184
374945879209089	Sony Vietnam	1212037
312859602115217	Samsung Vietnam	1159128
251794101539472	Jetstar Pacific Airlines	1152408
124486194319938	Vietjet	1139304
350006241681991	Lotteria Vietnam	1123666
527254703982474	Thời Trang Daisy	1067965
297196556964643	38 Degree Flowers	1007970
228572867236233	Chọn Mua	995315
161855460516510	CucRe.vn	954457
458169914226553	Number 1 Dâu & Chanh	947206
1685302681687831	Heineken	929181
472398449437365	Zalo	927717
411431788996727	MIA.vn	904409
243982815712858	Bốn mùa yêu thương.com	899137
132861753491432	Baskin-Robbins	890301
217168144966609	Rẻ Mỗi Ngày	880025
158700167508545	Appstore.vn	870072
108081009360443	Luu.Store	864382
411823468863482	Sendo.vn	861037
202201003220147	ZALORA	841000
454086481346463	Mặc Là Xinh	819904
136507563073175	TimViecNhanh.com	813552
117284821616009	HTC Vietnam	798502
307322385947202	EWAY.VN	790556
107935722694024	Fshare.vn	788436
145975751706	Microsoft Lumia	788109
186911474713457	Viễn Thông A	780448
703930363027726	Rejoice Vietnam	767969
118091371584953	Công Ty An Cường	756468
369798756445697	Cổng Thông Tin Việc Làm Việt Nam	747008
139891486197547	B.store	736483
179850822266	Pizza Hut VN	732503
123155861065069	Vietnam Airlines	717115
161101626605	Tra Xanh Khong Do	714459
102313326491651	Intel Vietnam	711716
331851576935365	NESCAFÉ CAFÉ VIỆT	705321
111558655547678	Shop-For-Gals & Cats	702907
391250700983944	Hội những người muốn tăng cân tăng cơ	689460
211024799022206	Kamaka.vn	680211
340066139424655	Trình duyệt Cốc Cốc	679061
376091632511521	Ảnh Viện Áo Cưới Sophia	666467
419659938149935	Nước Tăng Lực Number 1	662437
503137696387152	Adam Store	661190
363977870391085	THẨM MỸ VIỆN MAILISA	658817
183304455182501	Xanh Boutique	656884
518272734875087	Totoshop	653020
138207162947751	1988 Drink and More - 42 Nguyễn Trường Tộ	650783
695901593852256	Sprite	630658
306722846092553	Chia Sẻ Nhạc	622761
311881525493331	Maybelline New York - Vietnam	621130
122125314520178	Ancarat Jewelry - Vàng Phong Thủy	620604
153302874716612	ASUS	615327
219798451372038	Sting World	587238
241503216004768	Castrol Bikers Vietnam	579623
302335273166481	Giày cao Linhkent	579206
276683732455895	Fanta	561269
574535395905653	HKbike	558898
209081149178532	Hội những người muốn giảm cân nhanh	553065
160896917276281	LG Mobile Vietnam	549105
273477629359828	POND'S	536703
100473740084971	Pepsi	532907
139657963661	Du lịch giá rẻ - Alêhấp	530026
248010875211684	AVATAR SHOP	521808
273481559440423	Techcombank Việt Nam	518923
354762981349424	EVE Fashion	518406
124655500897303	Babi.vn	512133
205312099598859	Méo shop	506859
532364080154821	YoMost	505927
219307331437812	Oversize Shop	503043
125575407485851	cungmua.com	501370
357310644357039	TNG Fashion	499444
105288852858295	Vietnam Airlines	496967
155260394536195	Entiati	496878
411862255529291	IVY moda	496402
102806733094617	Trà thảo mộc Dr Thanh	490474
174861331747	SkyDoor	488509
109753675772847	VNPT - VinaPhone	482944
402822549840003	McDonald's Vietnam	478276
156742241012051	MuaChung	477817
154597014645214	Co.opmart - Bạn của mọi nhà	464023
152979458180163	Smartphone Lenovo Vietnam	462476
258321297603798	LG Electronics Vietnam	457424
322655967821238	Closeup	455824
321899041203569	Mua bán Online	448044
236442093089786	Axe Vietnam	442289
608480279224668	NESCAFÉ	441765
182964128383002	Antiq	441004
168891123523	Converse Vietnam	439040
166007636835093	MobiFone	438508
113898915316680	MOF Japanese Sweets and Coffee	436481
139894236059692	Hotdeal Hồ Chí Minh	434925
137671372328	Nike VietNam	434152
571843789505917	Rewind Boutique	432742
302945956501000	THẢO TÂY Hair & Spa - Clinic	430369
479814962043047	LINE Vietnam	428990
159267667447549	KidsPlaza.vn	425444
140318862733152	Chalets Shop	424202
386981281345063	Friso Vietnam	421639
564078413625390	Toshiba Vietnam	418282
398216910244785	360Buy	405515
260787377273564	May_boutique	403678
116765411733591	VALEN  shop	401913
408048136068785	She Loves	396249
421806394548949	ViettelStore	395831
204579782919373	Sunsilk	395347
823149677701937	TechOne - Hệ Thống Siêu Thị Di Động Chính Hãng	385312
331673330268806	Bánh kem sinh nhật kì lạ & độc đáo www.cakecraft.vn	382637
483990274962872	Elise	382102
77937154253	Vinabook	377846
265426150233875	The Mint	376792
121440401216060	BeCo Shop	374896
139144936237105	Thời Trang DShop	374584
310473545735590	Nhật Cường Mobile	372747
579098802133687	Diana Vietnam	371720
453582431466467	Honda Việt Nam	370598
199717330199525	Trà TEA+ Plus	369166
468276343228243	Bò Sữa by BOO	368024
291176754247325	Nội Thất Morehome	366111
150063235035057	NhómMua	365118
313182225398923	OMO Vietnam	364512
518130058286307	Dalat Hasfarm Flower Shop	363179
259485517470551	Iki - Thời trang xuất khẩu	362568
154897991367015	Rohto-Mentholatum Việt Nam	362542
264617633632899	Format	362044
1403609019940414	Frodo's	358919
164224550446635	Blog Nhà Đẹp	358377
1608188666081787	Bphone	354690
211169018921545	L'Oréal Paris	351562
1482675281962746	Shop10k.vn	350795
389141851104907	Việc Làm 24h	344691
550303671731302	Vật Phẩm Phong Thủy	344629
218647548198683	NYX Professional Makeup Vietnam	344511
301129946735141	Yamaha xe ga	343297
269827146468476	Khóa Vàng - Laptop Cũ, Máy Tính Bàn, Workstation	342690
173663309510448	Món Ngon Hà Nội	337738
135300746502112	TEEN HOUSE	337081
474766472581521	Dr. Martens Vietnam - Hoang Phuc International	333828
251148461675127	Pet Mart - Siêu Thị Thú Cưng	333691
351427468276311	Vật Phẩm Phong Thủy - VatPhamPhongThuy.com	333493
292736384071608	Huawei Mobile Vietnam	333428
226163264106315	Comfort Vietnam	330814
247163948659919	OHUI-Vietnam	329583
193356957508222	Bobby Vietnam	328522
503351853111065	Thích du lịch	328063
169201999889333	Cornetto Vietnam	327714
43530051470	VietnamWorks.com	326913
150921051593902	NguyenKim	322850
113904361984593	zShop.vn	321987
175943129209842	Sapporo Vietnam	321194
355426474532541	TuArts Wedding	321084
138336912916604	Lingo.vn	320785
153740148098439	BiboMart	318523
376633982390161	Mirinda Vietnam	317964
493404624049150	MAMA Chocolates - Socola tươi mỗi ngày	315338
153634361368473	Chillout Village	315126
158069844251588	Dove	314294
497681210270345	Gia Đình Nestlé	313094
642695242428474	Merries Vietnam	312789
396422250427805	Knorr Vietnam	312264
185810768101950	Ponagar Handmade Leather	311956
416683581703989	FPT Telecom	311006
132128216908	MR.LEE Studio	310254
135929566597936	Oz Homeland Store	309136
688847491199245	ZenQuiz - Vietnam	309035
125196337289	Trang Sức Bạc Hàn Quốc Scentsun	308056
637538192956940	madebyphuong.vn	307777
187788174664689	Thiên Long - Sức Mạnh Tri Thức	307076
546954052031284	JCB Vietnam	307003
428023523925835	Đồng Phục K14 - 100% tình yêu học trò	306745
621369747918499	VNXK	306413
197479840286279	Johnnie Walker	304762
443220955760834	Cuckoo Foodshop	304351
221264667920359	Jollibee Vietnam	304169
459587520763838	Lemino	302881
642914702516373	Moto Vietnam	302654
144422509045754	HDViet	301716
181603421920510	Highlands Coffee	300979
164623357064432	Mountain Dew Vietnam	300361
305490909547415	Xôi nấm, cơm nấm, lẩu nấm - Nấm Việt Hà Thành	299281
125395124209069	Hotcourses Vietnam	298194
278399152281803	Chợ SALE	297741
445208722274206	Vatgia.com	296766
359285057508884	Bệnh viện thẩm mỹ Kangnam	296310
523744561016806	Aquafina Vietnam	293644
407451945966624	AirAsia Vietnam	291175
406830952724722	Xmask	290881
754709964581591	Váy Ngủ Gợi Cảm	290777
396848310366620	Sharp Vietnam	289910
345859228822931	Piqué Store	289542
359149557454798	Clear Vietnam	288571
114771895207322	CellphoneS - Hệ thống bán lẻ di động toàn quốc	288275
1443129445930601	Clear Men Vietnam	287526
369108213104217	Appvl	284599
605116062850405	ShopDunk	284135
279264635487722	Bionline	284125
268035110036249	Opera	284125
130181207130065	VIB - Ngân Hàng Quốc Tế	283815
268156549945938	LUX	283284
228124377291120	NIVEA	282814
157805327690704	Vincom Shopping Mall	282448
230619513760340	Con Bò Cười	279606
183243898364739	Lenovo Vietnam	279268
458614374191057	Rexona	279146
285851264776201	eBay VietNam	278917
331942236863507	Kaposhop	278611
166034310152356	F.W Store	277778
479178798860188	Seven Uomo	274052
679460192125735	Hội những người yêu kem Celano	271802
381960175147651	Youngphoto	271743
243747289058923	123.vn	271459
512457682099130	Burger King Vietnam	271335
1406526042901640	Vinamilk - Cùng Con Khôn Lớn	270619
468084606624808	Tony4men Shop	270194
170394579685399	Điểm thi 24h	269178
413037982148540	Huggies Vietnam	265172
216714548481745	Bio-acimin	262569
281246808612055	Microsoft	262178
146374405408500	MARC Fashion	261738
136478413178920	Trang Sức DOJI	261113
400844936646543	Bệnh Viện Thẩm Mỹ JW Hàn Quốc	261053
310167639149761	Wiko Mobile Vietnam	260474
939777419366417	Adayroi.com	260255
542856209108060	Thẩm Mỹ Viện Phú Xuân	259855
155485334580820	JobStreet.com Vietnam	258823
138620259482865	lucas58	258262
1430851923880073	Hoang Phuc International	257465
221602528661	THEFACESHOP Vietnam	256777
165043846839774	Mercedes-Benz Việt Nam	256023
508750499164236	Lipton Vietnam	255072
380392942101066	CHẤT	252619
190710220940651	PNJ	252589
410211449039655	Guardian Vietnam	252414
493517054080271	Mox Việt Nam	251922
538233956194401	Shiseido Vietnam	251855
518824771491353	Starbucks Vietnam	251705
146299622066898	Yes24 Việt Nam	250386
477876855610699	Tôi Tự Làm	248437
234910769862459	Hung Cuu Long	247518
155967441131775	Vichy	246832
476231609127712	7Up	246428
253397751448382	UC Browser	245530
805812312797609	Túi Dạo Phố	244418
764641433564742	Cdiscount Việt Nam	243185
224933240919502	TakaStore	241023
723934760955632	Revlon Vietnam	240061
164949720243348	ChợĐiệnTử EBay	238863
422721064438074	Dutch Lady Vietnam	238680
212244802159240	The Body Shop Việt Nam	237979
758973990844019	Saigon Sneaker  Store	237741
480358602037153	Canon Vietnam	237341
531545590230667	Shop Đồ Rẻ	236351
218365381519116	Smirnoff	235501
343235494377	BlogPhongThuy.com - Phong Thủy Cho Người Việt	234931
164285173585766	Laurier Vietnam	234862
429300583784286	Gia Đình Enfa A+	234151
152024624847190	Vietnamobile	232049
204398446292634	Điện Máy Xanh (dienmayxanh.com)	231228
243257639152240	YourSingapore	231166
390536534297070	Downy Vietnam	230982
246206362224778	Aothun.vn	229763
473078372793616	Blog Ẩm Thực	229613
125420140916194	Sio Shop	228960
211523145571749	Huy Thanh Jewelry	228688
265321726945679	CareerBuilder Vietnam	228433
206739292685613	iVIVU	228219
587718137912625	Bioré Vietnam	227995
1431003677193213	GLAMULET VIETNAM	227776
308329382570791	Lime Orange	227260
327450534028480	Liti Florist (Shop Hoa Tươi)	225777
582522618427349	Nuty Cosmetics	225554
104460023058222	Popeyes Vietnam	225232
141058836006826	Sắc Ngọc Khang	223363
311956362269894	IMEM Shop	223326
462931223717961	Big Cola	222292
498626490184751	Rosy Belle	219287
349699915114727	Phụ Kiện 68 ( handmade )	218388
486595131350780	Áo Thun Doremon	218234
606252999396113	Mặt Hoa Da Phấn	217755
430172170378647	Chupa Chups	216530
833275613359209	TRESemmé Vietnam	215508
338479746235155	TINA LÊ MAKE UP	214954
152538634871670	Lifebuoy Vietnam	214241
256786654423800	Al Fresco's	213867
392105154235652	Hazeline Vietnam	211113
140607259458620	Mỹ Phẩm Cho Nam - Myphamchonam.com	209920
148667088512148	Acer Việt Nam	209682
530737847019488	Thế Giới Giải Trí	208460
322971651089828	TuongViShop	207725
703021889708065	Alitaobao.vn	205547
696895130341205	MILO VIỆT NAM	205332
1556407761272968	BIDV - Ngân hàng TMCP Đầu Tư & Phát Triển Việt Nam	205234
442940979156002	Ship Đồ ăn đêm Hn - Kent	204901
447700458609149	Glade	204721
359162300817306	Ô mai Hồng Lam - Tinh hoa quà Việt	202719
669606296419067	Anmum Vietnam - Ngôi Nhà Chung Của Mẹ	202552
558537924256017	Cafe White - Cà Phê Trắng	202060
354862434619512	Chocopie Vietnam	200927
392531974169540	Công Nghệ	199756
105557324613	Big C Vietnam	199643
1467719416784589	Trang Sức Phong Thủy	199113
180719541988518	Mytour.vn	196489
299875686773827	Ariel Vietnam	195010
221720974675711	Kit Kat Vietnam	194649
161750337232303	Q-Mobile	194567
142582849124703	Domino's Pizza Vietnam	193824
293941640748697	Banana	193664
529861630458993	Uber	192724
604216369597422	7UP Revive	191981
164550276904625	HC Homecenter	191392
502285219845033	Rhodi Shop	191178
477824145620961	Hẻm Xéo Wardrobe	191001
476816005687584	VNXK Hằng Túi	189472
470172456401581	Đại Hội Chém Gió	188323
107702275898	OCB - Ngân Hàng Phương Đông	187363
433713089988279	Zombie Shop	187130
301929059912728	Zing Appstore	186156
506703242734606	Trang Sức Trẻ	185210
296195543822410	Gameloft	184520
379607522159933	Eva de Eva	183480
291466257603955	SYM Vietnam	178127
598048846935120	C.C.Lemon	176639
592131697477916	Hàng Chính Hãng Giá Rẻ	176185
118076106849	Enbac	174213
181539535256555	Vaseline	174044
558791147485017	STABILO	172910
245796775505303	Tuticare.com	172730
112776605528685	Castrol Vietnam	171676
515136091867735	Strawberrynet Vietnam	170530
389546104470395	Budweiser	170229
400526373321672	TH true MILK	168974
442632045777507	Sammi Shop	168946
280656925318959	Rémy Martin	168331
656342367724454	VPBank	167653
108398802546875	Pantene Vietnam	167034
117657251618598	Oriflame	166273
643532938992328	Emimy Shop 一 Thời Trang Tuổi Teen	166202
116725988361034	C2 Life	166119
443450829061515	Dunkin' Donuts	164892
541107889275983	Quà Vặt Việt	163794
722718531177394	Thế Hệ Fami	163082
675855729142258	Visa	162832
307417832663615	P&G	162705
153666304670646	CầnBánNhanh.com	162179
127828127306281	HotDeal Hà Nội	162168
282798851853193	Acnes Vietnam	161535
1375129329464145	Sony Alpha Vietnam	161503
410341749011387	Ducati VietNam	160074
665332766811976	VGS SHOP	159238
589682654501303	Decumar - Thâm sẹo bay xa, da sáng mịn	158515
254873174611933	Clinique	158312
429230157148961	OXY Vietnam	157178
426260737407541	Dumex Vietnam	156211
141148276777	The Coffee Bean and Tea Leaf Vietnam	155220
550341211739355	Welyo.vn	154493
1525957184368292	Vinamilk - Bí Quyết Ngon Khỏe Từ Thiên Nhiên	153910
189821511062680	Saigon Flea Market	150037
430176977051947	Phuc Long Coffee & Tea House	148950
1465295067058412	Bioré Sạch Khuẩn Mịn Da	148792
173783172794720	Lactacyd Vietnam	148632
181874695219414	LANEIGE	148148
141294872673884	Nhà thuốc 365	148116
145408488817085	Baileys	147196
123183017756311	Hennessy Artistry Vietnam	146893
129658057062693	KICHI HOT POT BAR	145120
1490281601188093	Electrolux	143799
497961133639574	Vinmus	143760
220747251350392	Mommy	143398
410592275682809	KAY.vn	140927
733584789989549	Kyna.vn	140768
157368014341358	Miracle Apo	139806
602801289798272	GLY DERM VIETNAM	139246
533973353382701	Carmudi	138918
416609708455963	Halls Vietnam	138475
187461997935711	Unilever Careers	137962
418722148176584	nguyensashop.com.vn	137730
186323864881189	Đầm Việt	137631
1580729085504076	Mỹ Phẩm Ngoại Nhập	137325
159807247385609	Etude House Viet Nam	136596
253874281303286	Chăn ra gối nệm Edena	135885
430693290376094	Muare.vn - Diễn đàn mua sắm online	135612
647707598695794	Greelux - Hơi thở thơm mát tức thì	135287
216062848413177	SkinFood Vietnam	134395
405242076276066	Lancôme	134269
1486816041552181	CERELAC Việt Nam	133092
1381229612171596	Vedan Vietnam	132758
174339566047654	Ngôi Nhà Monte	131218
133520936801615	Double Rich Vietnam	131044
148140682059856	Audi Vietnam	130753
323248167721579	Điện máy Trần Anh	130515
212129095480383	Xúng Xính Shop	129897
120416881465594	Gap	129003
338037166285393	Kohler Vietnam	129001
415038061876043	HondaFUN	128760
280148972024692	Trung Nguyen Group	127841
145456495523754	Dulux Vietnam	127761
278711348827134	Crescent Mall	127618
570227486328650	LipIce Vietnam	126048
268339760186	CareerLink.vn	125620
300542253404750	X-Men For Boss	125472
185739444826319	T-Shirt Pro	125382
625914597534152	Lackid - Vươn cao như Thánh Gióng	125360
390423584397170	Cream-O Xứ sở vui nhộn	125256
167194946732246	Viet Capital Bank	124881
172849039572162	Caltex Vietnam	124431
218404448181119	Merino - Dzui Bất Tận	124349
161414513941352	SIÊU THỊ THỂ THAO SPORT1	123564
529883373723904	Sensa Cools Vietnam	122508
252163654870826	L'Oréal Professionnel	122249
305662362932589	Tinh Chất Làm Đẹp Collagen ADIVA	121780
227938223898928	HnamMobile.com - Hệ thống bán lẻ hàng công nghệ chính hãng	121156
142924905776	Goldwell Vietnam	120898
289134847766221	YAKULT VIỆT NAM	120714
1449657571974931	The Coffee House	120601
382157725273653	Sponsor Vietnam	119876
189960797806562	G7 Coffee	119720
193080654164595	Devondale Vietnam	119365
364088863647818	Bridgestone Việt Nam	119322
387256421360317	Hada Labo	118718
118547688316581	Gấu Bông Online	118206
260509657394538	Nabati Vietnam	118093
418112481613258	Mỹ phẩm Adora	118015
1450277935216003	Levi's	117827
200184933378445	Kappa	117684
604315699638441	NESVITA VIỆT NAM	117380
697343487054624	Vinhomes Central Park	115057
208344129361379	Artistry Việt Nam	114993
181455338556367	NhómMua Hà Nội	114666
108804609142280	CafeF	114422
163131363837673	INFAMOUS	114239
173807782773343	Vietcombank	113756
373561269360286	Siêu thị Tí Hon	113697
272540519512462	HiPP Việt Nam	113254
432918790062765	Amway Việt Nam	113240
324258097710387	Trung Nguyên Legend Café	112689
439222496192272	Lixil Inax Việt Nam	112634
135929096496292	Mai Nguyên - MaiNguyen.vn	112507
688928781156860	Huda Beer	112101
613819305331746	Dragon Eyes	111560
1659001287654877	Balo4u - Thế giới balo online của bạn	111105
411089332353477	Fujifilm Instax Vietnam	110805
533243890026838	Dạ Hương	110759
570501006314354	Harley-Davidson of Saigon	110225
357885714243883	Gecko.vn	109721
619908704704192	shu uemura	109395
205187136192642	Piaggio Vietnam	109207
181643348566296	TPBank	108799
378119862308503	SởThích.Vn	107965
144032125767622	Chic-Land	107395
1609554822652187	D.CHIC	107211
641975832537097	Salinda Resort Phu Quoc Island, Vietnam	106659
108294652711723	Trang Sức Đôi, Trang Sức Cưới - 116 Chùa Láng	106591
110025562376551	BelloStore	106584
139737692887884	Yesgo.vn	106169
228027083990744	ANZ Vietnam	105792
110135522136	Sony Singapore	105746
146722902056759	Urban Station	105726
217890594902640	Passio Coffee Vietnam	105259
171638807470	BOO WYLY	105180
148268868582065	Chevrolet Vietnam	105123
463521370388025	Haier Vietnam	104533
104324179776879	VeMayBay.vn	104028
150269358374720	123Mua.vn	103451
651422754875589	Galle Watch	100517
256442834496130	Crazy Diamond	100504
121779401259592	Akira Shop	100352
233623930098872	Trang sức Bạc đẹp	100346
1382732505282478	Sky Garden BBQ & BEER CLUB	100102
331551856869646	Kềm Nghĩa	100078
519268158084247	Essance Vietnam	99825
163534703739513	Maritime Bank	99479
436460926416064	Estee Lauder Vietnam	99476
137952892978533	Ngân hàng Á Châu ACB	99332
394919517244498	VNPT - Cuộc sống đích thực	99122
120512671430366	Parkson Vietnam	98696
128248930519813	DuLichViet	98123
336468739790067	Comet	97295
237175959742203	Kangaroo Group	96702
181053065281290	Vietravel	96342
180957368696981	GATSBY Vietnam	96170
120131128017658	NShape Fitness	95929
116272098391180	HP Vietnam	95356
624790790955412	Eugica – Sống Xanh Mới Chất	95030
1483432275274419	Head and Shoulders	94480
409945445737872	Honda EMC Viet Nam	94023
343219012453721	Ocean Bank	93734
408675939197971	Miluxe Boutique	93692
123830597745983	Dairy Queen Vietnam	92963
433156386702698	Pampers	92553
226915890784334	Frost of London Vietnam	92352
863174343732732	OZIN.vn - Thời Trang Made in VIỆT NAM	92060
114796668177	LAM Boutique	91453
459823707400995	Quà vặt Online - Ăn vặt siêu sạch	91288
934173233271653	Vinhomes Times City - Park Hill	90719
158059897675931	Love'in Farm	90591
445323722172268	Kiwi - Cho thành công cất bước	90257
393765857348535	Gillette Vietnam	90142
173085822833880	Izzi For Teen	89909
121988328258	Dell	89718
1404382776441777	Kinh Đô	88509
156251114566943	Ticketbox	88077
450227215136360	Flirtstory - Giày Phủi và Dép Thời Trang CAO CẤP	87597
694134533932025	Chuyên gia Naturenz - Nghe gan lên tiếng.	87474
289620541193711	Sống Là Động	87317
298159023684523	Citi Vietnam	86789
1450861415155124	MOLLYNISTA	86336
294779023959245	Hiruscar Post Acne	86164
372865322805105	Yes24 Mobile Việt Nam	86153
172231302874985	Ciroc Vodka	85701
368315740516	CHOCOLATE GRAPHICS VIET NAM	85635
494494417285234	Hanami	85474
127180320784548	Thương Hiệu Thời Trang Nổi Tiếng	85434
222579061100523	Ford Việt Nam	84863
888536471160905	Miluxe Eyewear	84682
627837993971505	MobileCity	84640
234020776643376	Thủy Design House	84225
187480534604957	RVi Group	83799
508664345814294	Chivas  Viet Nam	83391
248252585196749	Eqvn.net	83367
195188977334895	Lotte Department Store Vietnam	83059
1016049308426848	Nutrilite Việt Nam	82978
170908786312352	Za-cosmetics Vietnam	82959
218850188143160	Blook	82570
649574718484877	Trà Ô Long Không Độ Linh Chi	82353
237949603063421	Lọ Lem's House - Chuyên phân phối sỉ & lẻ Mỹ Phẩm	80338
260550257450649	Học viện thẩm mỹ Bích Nguyệt	80336
181342882037457	Phụ Kiện Xinh Xắn	79865
252953001433442	ThaiExpress - Vietnam	79612
505161216187554	Standard Chartered Vietnam	78619
179991185469189	Razer	78440
470798209666633	Shop Hoa tươi Andy	78136
759420234104001	Thế Giới Choco PN	78072
623691327696319	Vinhomes	77968
208885675899222	Công Ty Du Lịch Tuổi Trẻ	77813
346321128833970	MINI	77698
149184158553057	Kia Motors Vietnam	77412
501238909900398	Salon Anh Tú	76985
696877660340515	Mentos	76758
494169803995926	Häfele Vietnam	76126
550342515084103	JOHNSON’S Baby	75175
332976360092707	Shop MAI LINH - hải phòng - Chuyên thời trang nữ	74670
497114690361397	Tupperware Vietnam	73997
203765096307479	BMW - Nơi hội tụ phong cách	73849
161408060663965	Mua Gì? Ở Đâu?	73831
1614394985497318	Eau Thermale Avène	73526
422868194517715	Promise Gold	73058
377018392387680	Pazzion Vietnam	72848
388278147952167	Home Credit	72699
791285837573673	nuBei Nước Mây	72693
201989849934955	Bia Larue	72443
143459554275	Câu lạc bộ Nguồn nhân lực	72423
716177091765757	Charmlux - Chống lão hoá da toàn diện	72417
249255648431074	SUBWAY VIETNAM	72174
226462527409676	topcare.vn	71912
445022858889008	Thông Tin Công Ty	71258
711252269002249	TOTO Vietnam	71235
149187221881734	XO Mom & Baby Club	71152
450888058256307	OHUI Vietnam	70861
193955090673746	L'OCCITANE en Provence	70744
128656957160381	iBasic Thế Giới Đồ Lót	70329
402646643147800	NÀNG	70237
1529618447265019	Sure Prevent	69938
870811253010662	Halida Beer	67842
129957687022810	Belvedere Vodka	67637
405116892886244	Wacoal Vietnam	67415
168579759902977	Ice+	67071
268307473315276	MacCoffee-Café Phố Sữa Đá	67026
318133228319630	Thẩm mỹ quốc tế Bally	66921
160015137467372	CitySmart Hotel Management	66780
366288466776359	Hibiscus	66474
129530270515077	Tourism Malaysia	66225
1480930495492638	Anlene Vietnam	65897
104113609720720	You 100 percent	65835
178595125527952	Alezaa	65744
120169898108817	Mazda Vietnam	65167
229889220400100	Singleton Vietnam	64544
379542515502042	Ylinkee	64510
224049601058149	Hiruscar Vietnam	64244
245818458913791	Gingerbon VN	64188
236773619863911	Carlsberg	63762
247291013391	Nissan	63723
1418890258364054	Qici - Mỹ Phẩm Quận 1	63241
130683080367646	Ai nói cuộc sống là giới hạn	63210
416682565021819	Fanny Ice Cream	62837
335755413136925	MAKE UP FOR EVER	62731
241593969314824	Rolls-Royce Motor Cars Hanoi	62636
126130840755566	CaracasMetro El Sitio de los Usuarios del Metro de Caracas	62607
678798342136052	Sensodyne Vietnam	62023
307024009317591	Việt Nam Suzuki - Xe Máy	61863
1494756797489364	Tide Vietnam	61652
136067086563177	Nosbyn	61481
287996297957171	InterContinental Danang Sun Peninsula Resort	61380
162636337087917	Yves Rocher in Vietnam	61066
644147032354256	GrowPLUS+	60697
342003522529782	Cửa tiệm 3 xu	60693
543489465722373	Glenmorangie	60569
918300144902270	Men's Biore Vietnam	60192
447242268663314	KakaoTalkVN	60137
612081445511166	Wannabe	59838
1594713217425496	Miêu P- Chuyên sỉ lẻ hàng VNXK F21, ZARA, MANGO, H&M - 0908774900	59751
364204340363953	Karofi - Máy lọc nước thông minh	59580
291125197617654	Đẹp Tự Nhiên Mỗi Ngày	59569
138010322921640	Ví MoMo	59542
207999709243254	Hyundai Thành Công Việt Nam	59499
408308732570405	Bảo hiểm Nhân thọ Prudential Việt Nam	59240
299824970101137	Vera Vietnam	58833
429518743748873	Attila Passing	58636
110383802453210	Vim Việt Nam	58418
315575188555568	Floralpunk	58383
118012044979242	Ohbaby Shop by JANG	58132
566542196737963	Alcatel mobile	57965
1455861877995203	HotelQuickly	57378
352164928194856	Trị Gàu Phải Đúng Cách	57274
274321456032810	Texas Chicken Vietnam	57220
562989507047724	Triumph	57175
116562971708212	Elite Fitness & Spa	57107
1616143651974182	9Slide	57091
422123511178189	Gmobile	56755
1611093189141095	Honor Vietnam	56010
340214762746713	BOO Cafe	55880
613142612142335	myMall	55617
1495762960643869	Di động Mango - Điện Thoại Cũ Bảo Hành Tốt Nhất	55307
503733429713164	Pan Clinic Vietnam	55106
1374872259402390	Neutrogena Việt Nam	55035
1410267039227248	Durex Vietnam	54979
652019728230174	MAGGI	54964
114385285375526	iTABvn.com	54846
537533399749239	LOTTE Mart Vietnam	54837
112566835589670	Samurai Vietnam	54820
290132421085294	Ngôi Nhà Hạnh Phúc	54797
1405109439725034	Toyota Việt Nam	54734
373464619391835	Martell	54661
310636762444279	Dermatix Ultra	54581
116869805000828	nydc Vietnam	54511
267848173398586	OtoS.vn	54483
161684187328408	Colgate Vietnam	54117
141279002608759	TUYỂN DỤNG TIẾP VIÊN HÀNG KHÔNG	53679
983809781697424	La Roche-Posay Vietnam	53417
343944419015755	Motul Vietnam	53172
1422088968011382	MENARD VIETNAM	53106
450846288276998	PANDORA	53034
210952952256620	Sacombank	52858
312786955417659	Saigon Wedding	52472
397655303611656	Dưỡng Can Linh	51823
398921726900912	Glorybites Chocolate	51752
143146829167406	NIVEA MEN	51601
522322887824644	ITviec	51216
1427446034150883	Bananashop 210 Phố Huế	50810
610747822287133	Hàng Hiệu Sales	50611
396565650364499	ECKO Unltd Viet Nam	50397
643922798952400	Wow Boutique	50225
274921902673153	Eximbank Vietnam	50116
186184574850543	Hellokids Việt nam	49960
127170724044648	Saint-Gobain Gyproc Vietnam	49877
150581248304701	Baokim.vn	49846
203980006436633	Haier Mobile	49520
328510467254992	Lazada Super Moms	49338
463866300322044	Pocari Sweat Việt Nam	48830
264869646978167	Pocky Vietnam	48720
233787673456366	Bubble	48629
303198086448472	PALTAL Fashion	48609
1408026936143105	B's mart Vietnam	48608
378046232340336	Premier Village Danang Resort Managed by Accorhotels	48123
536101769749287	Land Rover	47856
183233541718057	Vietnammm.com	47837
505682112822165	TRANSVIET Travel	47549
534727103249975	Dilmah Tea	47491
313969692048137	Hội thích  khám phá quán cafe saigon	47272
278665962253991	Bé Yêu	47068
279220935435386	Ms. Umami	46695
286825048194108	Pond's Men Vietnam	46539
152485271477527	Nha khoa thẩm mỹ Smile Care	46472
421816971259013	Nano Curcumin-Tinh nghệ Nano	46157
333286066454	Circle K Vietnam	45934
384734098231240	Attila Elizabeth EFi	45733
480777755379119	F&F	45578
166311613522719	Khu du lịch, nghỉ dưỡng Hải Tiến - Khách sạn Ánh Phương	45513
1895780120647432	VAPE VIỆT NAM - ONEVAPE CLUB	45510
311144312332577	Béo Ị Family	45357
176524112399265	Cook with Love	45139
439991046032352	Xưởng Huy Hiệu	45029
860219930673521	NCB - Ngân hàng Quốc Dân	44981
481147155392112	Mẹ Nhật nuôi con	44857
357523260988011	OMRON Healthcare Vietnam	44823
455750857840805	Thẩm mỹ Hồng Kông 51 Hàng Gà	44504
425244887527284	Fa House	44316
192124453575	Lola.vn	44175
713973805293905	Mitsubishi Motors Vietnam	43705
1416924705267610	Mua Sắm Làm Đẹp - Muasamlamdep.Com	43624
520269781358721	Everpia JSC	43439
1392177150997580	Trà Bảo Bảo	43383
238209182890173	S3 - Tư vấn quản lý bán lẻ	43146
1429929923958511	TheBank - Chuyên Gia Tài Chính	43040
167887653375981	The Grand Ho Tram Strip	42937
744569175629006	BIA SÀI GÒN	42734
515281261907094	Physiolac Vietnam - VNA	42563
160892617283258	Sea Links City	42447
318463535005155	iLIKE Vietnam	42126
992111817470331	Yaly.vn	41593
421489194585898	Cif Vietnam	41508
251572835022113	skinTalk Vietnam	41460
532904863410689	Tuyển dụng FPT	41313
273267292782284	Bud's Ice Cream Vietnam	40892
136893653032402	Thegioidulich.com	40725
749281808518831	Anka Milk	40266
179443575584857	Porsche Centre Saigon	39718
359359270811988	Khuyến mại Sốc & tặng quà mỗi ngày tại FPT	39633
527733027313249	Tươi Tắn Tự Nhiên	39343
602745389763292	Siêu Thị Điện Máy Đại Thanh - 24 Thống Nhất, Nha Trang	39091
120948628061297	Yêu Shopping	38938
146459895399129	OPPO VIỆT NAM	38840
184954561646071	"Bếp ""bà Chà"""	38547
138457219691768	Swans	38276
547856688562312	Bosch Vietnam	38005
573035229402208	Pigeon Vietnam	37986
129507257136267	NgânLượng.vn	37684
1427452364201837	Hanoi Lab	36830
282089241873747	Bán Mô Hình Tĩnh	36566
807197632650745	Siêu Thị Nệm Giá Sỉ	36325
247821235276741	Eva Sành Điệu mà Không Kênh Kiệu	35847
98935024630	Admicro	35813
299419820164182	Xưởng may áo cưới cao cấp - Meera Meera Fashion Concept	35650
103975329689636	7UP Singapore	35649
181173415246943	American Standard Việt Nam	35071
403929312975167	Tohe Style	34834
406643239359405	Double A Vietnam	34825
297929146897928	Xin Wang Hong Kong Cafe Viet Nam	34763
197272253619449	Sikula Shop	33931
209496409081186	Tuyet Chieu Con Gai	33899
165151436909856	Quà tặng pha lê	33866
446596335385175	Manulife Vietnam	33592
510943642301075	sloggi Vietnam	33558
256104257858185	shopme.vn - Mua Sắm Thú Vị	33382
1418544348375889	Sunlight	33044
405875896203581	Infinix Mobile	33017
161185914011919	Áo Khoác Hàn Quốc	32879
141383252951	Saigontourist Travel	32856
406581002752878	Peugeot	32314
1437354743202937	BOO Outlet	32294
389587451187528	GOO.N - Tã giấy cao cấp hàng đầu Nhật Bản	32239
394771707379071	Vivavivu.com	32196
112252982140512	Công ty Mắt Bão	32183
684115954947804	O'Star Khoai Tây Hạng Sao	31866
1394134797469633	Mẹo Làm Đẹp Tự Nhiên	31710
312832885479947	Lock&Lock Vietnam	31706
222622221201402	G2000 Vietnam	31613
729931020420448	Garnier Men Vietnam	31495
304630296314567	Kornets Cực Quậy Làm Ai Cũng Kết	31198
1456828131243305	Havaianas	31119
595832177152539	Dockers	31102
162952180571768	World of Silver & Gold	31093
440545126004733	F.Studio by FPT	31070
1396947930518849	Salon Peter	30992
150932848361541	Hằng Skinfood	30848
1418651898440390	Gateway Thao Dien	30705
294514257400662	LIC - Giảm Cân An Toàn	30678
325177330847482	Lữ Hành Liên Đại Dương	30448
266223653529228	Pamas Beauty Clinic	30350
232990950194074	InterContinental Nha Trang	30213
396052740433213	ASUS Republic of Gamers Vietnam	30212
1456363677946751	AIA Vietnam	30004
161349760668199	Davines Vietnam	29999
176755495851518	Esquire KIDS	29958
146073405426726	Cảm xúc cuộc sống	29949
600118523414257	DHG Pharma - Vì một cuộc sống khỏe đẹp hơn	29780
423451777739888	Best Buy Co., Ltd - Vietnam	29758
1384434095150471	Gỗ Đức Thành - GDT	29602
317423075067566	Chợ Tốt . VN	29091
246902245466071	BOOShirt - Uniform by BOO	29040
129299780500950	FreshKon Vietnam	28999
128872067161959	Linksys	28884
91936967046	FPT	28856
1409114322696683	Nhà ga 3A - Station 3A	28772
883398678343822	CALPIS Việt Nam	28693
959094227505864	Tuborg	28541
300213400267	Ford Fiesta	28413
153976397979787	Olay	28386
658816844163071	Ovaltine Việt Nam	28265
723873254334692	Haig Club	28107
194682533914897	The Bean Store	28028
235862759792923	Thiên Hòa Online - Điện Máy Thiên Hòa	27857
324592590944954	Cointreau	27479
102299329937267	Nhận Biết Rượu Thật	27426
524551844323588	Botani skincare Viet Nam/ 100% Organic & Natural	27313
557526277644865	Hoa quả nhập khẩu sạch Biovegi	27250
115172125351204	Bệnh Viện Thẩm Mỹ  Sài Gòn	27211
108066252673072	Prima Gold Viet Nam	27162
584124741640380	Skinna - Organic and Natural Skincare	26842
182857778398207	SOLO.vn	26814
742634359178838	USG Boral Việt Nam	26753
465187420170090	June Baby	26473
141787969342931	Joli House Fashion	26343
1597066697201773	Daikin Vietnam	26299
450304195016154	100PLUS	26210
184855714995478	Thời Trang Chống Nắng UV100	26187
885573641498886	FE CREDIT	25979
305429186149315	iOne	25880
1511808985766885	91S Store	25836
481435601886861	Mushroom Farmville - Vườn Nấm	25676
1517603521821892	Tã em bé UniDry	25558
424617707700077	GiP-Sandal	25430
204971029525933	Epinion	25311
485786431445960	JW Marriott Hotel Hanoi	25309
197490273611584	Park Hyatt Saigon	24965
257434721011091	New Balance Vietnam	24670
370853202971821	Kính Áp Tròng - Lens Tint Eye	24425
129765995630	Sheraton Saigon Hotel & Towers	24411
114684131936631	Piattos Vietnam	24323
224497634236755	Nhà hàng Nhật Bản Nagomi	24163
930269237005997	CumarGold - Hỗ Trợ Điều Trị Ung Thư	24039
169320316429189	Liberty Insurance	23968
494290590750961	TOP MỐT	23903
158689674204368	Sofitel Legend Metropole Hanoi	23892
347935071918157	Hệ Thống Nhà Hàng Sen	23775
430671933655020	IButterfly Vietnam	23728
444787688932088	United Colors of Benetton - Hoang Phuc International	23513
558555440932038	Thiết Kế Nội Thất Đẹp	23468
311380805626938	Novotel Danang Premier Han River	23461
195737313942927	Triangle Shop	23438
158246644185476	Hanwha Life Việt Nam	23423
791601334202433	Chăn ga gối đệm - Nắng Hàn Quốc	23167
217283018430426	theW	23011
1409331422645274	A La Carte Da Nang Beach	22984
766957840046580	CumarGold Gel - Mẹ Luôn Đẹp Nhất	22969
103634896366946	Humana Vietnam	22953
117530924958221	The Nam Hai Hoi An	22879
393310030750963	MemoryZone	22609
165298893668249	Bảo Vị An - Giảm đau tức, nóng rát, khó tiêu và lành vết loét bệnh dạ dày	22589
168957509947765	Sồi Photography	22420
416691821757690	GUskincare - Phục hồi làn da hư tổn	22406
123265627841247	FOREVA	21963
123677001054218	Nhị Gia - Vé Máy Bay	21914
210275845699156	Hotels-in-Vietnam.com	21748
571262376306300	Soffell Việt Nam	21542
418909101484769	T.E.P's Kitchen	21510
132099440228755	Quanaoredep.com	21342
1390791767835258	APshop Gaming Gear	21325
761590517275047	Bánh gạo Nhật Ichi	21219
1494420120853980	Nu Skin Việt Nam	21168
424807077588075	Ngân hàng Nam Á - NAM A BANK	21166
118529438174991	muahangtragop.com	21126
135841889784801	Vaseline Men - Thử thách 2 tuần	20959
375055955904777	"""Chua Cay Hơi Bị Hay"""	20925
125275087517296	InterContinental Asiana Saigon	20731
146058138935311	Palmer's Việt Nam	20590
417186755039232	thanhtoanonline.vn	20492
883218995061506	NVIDIA Vietnam	20432
379828355368726	Yiselle - Đồ Lót  Đồ Bơi Bikini Nhập Khẩu	20317
117129428410811	Bobbi Brown Cosmetics	20269
184296865000083	FPT Software	20165
171127815670	NintendoVN	20162
1541700039413386	Biostar Vietnam	20036
247433005462999	White Doctors	20000
280577168940379	Balostrong.com	19947
225458870939900	Shop Bà mẹ nhí	19827
296699373699423	Chocolate Belcholat	19823
769300163119435	Runa corner	19806
294364184086131	Báo Mua Bán Hà Nội	19782
103738386388707	Sofitel Plaza Hanoi	19726
413513155413209	Great Eastern Life, Vietnam	19722
473838192734382	ABON- Sẻ Chia Niềm Vui	19654
416898831700241	SmilesCard	19622
361949230548197	Absolut Vietnam	19603
1388547381393362	Siêu thị bếp BestHome	19583
468415256573912	Jack Daniel's Tennessee Whiskey	19269
147101388663052	Six Senses Con Dao	19113
144509212366000	Phatphat shop	18768
622191354540956	Perrier	18693
628666857220537	Antrinano - Không lo trĩ tái phát	18582
395666893826306	Eveline Việt Nam	18516
406680296054949	Futsal Viet Nam	18471
126840180676543	Carl's Jr. | Vietnam	18440
229695287221685	Minh Toan Galaxy Hotel	18376
515064925206028	PPP Laser Clinic Vietnam	18266
292796197494963	The Glenlivet	18180
357836220941712	AsiaBooking	17997
1466457083623543	Clarks Shoes	17962
386459644716557	Lotte Hotel Hanoi	17858
582380448451624	Peroni Nastro Azzurro	17787
585078251569278	Golden Gate Restaurant Group	17749
515440998630993	Hoa Thiên - Bí quyết trẻ đẹp	17686
728317617224656	Phụ Nữ Khỏe Đẹp	17683
440762042611039	Deloitte Vietnam Careers	17653
297514783612475	Shop & Go Vietnam	17509
112021948932402	tenten.vn	17492
115192028636096	Amiana Resort Nha Trang	17416
611669085560818	Romano Vietnam	17394
195110460529993	Ngại Gì Thử Thách	16942
225766380959598	Thea-Beauty-Solutions	16555
388037757922463	Phấn Nụ Cung Đình Huế	16328
405654382825964	Wala	16276
416165481801316	Memua.vn	16199
155415196088	InterContinental Hanoi Westlake	15953
795134817172662	Express Center	15902
310234982474027	Mai Chau Ecolodge	15619
619080848121801	Nội thất & Đồ gia dụng IKEA THỤY ĐIỂN	15608
1114990955178768	Chubb Life Vietnam	15543
1463685233895062	DR. LUXIA	15516
143198965757574	BenQ	15492
174400652726027	Kicker Gold - Vươn tới chiều cao lý tưởng	15389
1589310364656920	Younger	15345
1568198950124541	Hello Măm - hellomam.vn	15301
335691206461589	Trend Micro Việt Nam	15134
298723133581042	Cỗ Lá 287 - Món ngon dân tộc	15123
304962529633569	Thế Giới Xây Dựng	15061
322014814553393	Schwarzkopf Professional	14920
389706057768446	New World Saigon Hotel	14805
182647668487960	The Little Gym of Vietnam	14759
886811601334015	Clarins VietNam	14734
1453416988226907	Gift Network	14710
117689015099937	Tập Đoàn Novaland	14700
152079961517220	MTrading	14690
1462001617370976	Kem White Doctors	14639
221174411234197	Phan Law Vietnam	14638
158174267680308	Replay Viet Nam - Hoang Phuc International	14620
813365858712088	Thẩm mỹ Quốc tế Bally	14589
751278138275850	Dremel Việt Nam	14585
700997213275418	PADO Sports	14580
276367945734724	Dulichbui.org	14577
443716549049065	Chi Li	14435
561229390566260	Muguet Shop	14165
440865302621689	Macadamia Vietnam	14145
250640041627623	Queen Watch	14112
1513357608941678	Khu Đô Thị Sala	14007
126026054105480	Mỗi bức ảnh, một câu chuyện	13771
139724353615	Olay Natural White	13735
914408031949581	Nubest Tall - Tăng Chiều Cao Của Mỹ	13723
179027785783969	Hệ Thống Thẩm Mỹ Quốc Tế Thiên Khuê	13688
117500001768944	Hitme.vn	13685
1448329082081797	Vinalink Academy	13604
129733613737205	LacVert Essance	13596
546233385461414	Olympus Vietnam	13528
293374797503766	Hong Kong Maxim's Group 香港美心集團	13441
320865651313805	Vietnam Artist Agency (VAA)	13415
864524760247660	Kinohimitsu Vietnam	13375
172095542845814	Grand Mercure Danang	13264
117818978360399	Ốp lưng Iphone .net	13047
199096782518	Novotel Nha Trang	13042
92055404101	Caravelle Saigon	12858
168409133331274	ShopLinhmakeup.com	12715
512086965523362	Sản phẩm Kellogg's tại Việt Nam	12686
966230530094911	NHA DIỆU NGỌC	12652
172672369425658	INET	12633
249071845179398	City Pass Guide	12533
558435167564605	Ngân hàng Bưu điện Liên Việt	12476
585844621474522	wesave.vn	12352
425276514315441	Farmasi Vietnam	12168
115839441779006	VCCorp	12026
711653215511552	Babyon.vn	11995
317670801702352	Pullman Saigon Centre	11851
590860384271360	Pullman Danang Beach Resort	11845
124075611030643	OneSMS, MIT-Commercial	11787
371090399627262	SENTA MEDI	11776
1401096880152530	CropLife Vietnam	11706
226868514105416	Heinz Baby Food Việt Nam	11682
1466954370270567	Hôtel des Arts Saigon, MGallery Collection	11564
326486420731519	Teka Craft	11498
160472284146001	Infiniti	11466
100657209983338	Copen Coffee	11389
379711238906700	Orient Skincare & Laser Center	11383
840594655980104	Saigon Fruit	11361
280888878587849	MAROU, Faiseurs de Chocolat	11336
163516523697959	Renaissance Riverside Hotel Saigon	11320
436059386535471	Nhập Hàng Trung Quốc	11314
574419909247303	Thuốc Trị Sẹo Tốt Nhất Của Mỹ	11180
127363750622357	CleverAds	11129
157047117006	FrieslandCampina Vietnam Recruitment	10974
439817079371133	Nhím Cafe	10962
185049451608070	Lotte Xylitol	10958
407886335937648	Vinasoy - Công ty sữa đậu nành Việt Nam	10915
176979959101364	Thanh Bac Fashion	10830
142914202547258	Truyền hình Cáp Việt Nam VTVcab	10781
260602263977740	NhómMua Hải Phòng	10760
1053320518011324	ACE Milk - Sánh Quyện Mịn Màng	10427
171016059613201	Slim Salad	10410
517432778447579	TigiShop	10385
634880336552272	Interaction Marketing Vietnam	10348
187275621329532	Sofitel Saigon Plaza	10211
1610310502513767	Cho tot	10127
1467125453506297	Jaguar Vietnam	10086
151940078273647	Elenoir Chocolate	10024
